name,Type,conr2,margr2,intercept,slope,30%,Limit,Timepoint
glutamate,Serum,0.905594307,0.733852448,0.078333333,0.024416667,0.0235,0.101833333,0.962457338
lactate,Serum,0.929746773,0.730297101,1.956666667,0.445,0.587,2.543666667,1.319101124
phenylalanine,Serum,0.587509479,0.484328129,0.044933333,0.004316667,0.01348,0.058413333,3.122779923
glycine,Serum,0.925155773,0.532792176,0.173,0.014333333,0.0519,0.2249,3.620930233
acetone,Serum,0.721670301,0.139579721,0.018466667,0.001483333,0.00554,0.024006667,3.734831461
tg_hdl_1_mg_dl,Serum,0.995309874,0.020064479,2.822666667,0.1195,0.8468,3.669466667,7.086192469
glucose,Serum,0.921137242,0.675823429,5.26,-0.201666667,1.578,3.682,7.824793388
leucine,Serum,0.864094342,0.087539918,0.109,0.0035,0.0327,0.1417,9.342857143
tg_hdl_2_mg_dl,Serum,0.995735735,0.021083985,1.517666667,0.0475,0.4553,1.972966667,9.585263158
f_chol_ldl_6_mg_dl,Serum,0.93410467,0.123957147,7.286666667,-0.186083333,2.186,5.100666667,11.74742499
f_chol_vldl_2_mg_dl,Serum,0.997154028,0.00495647,1.271333333,0.03075,0.3814,1.652733333,12.40325203
histidine,Serum,0.319111144,0.096202251,0.105333333,0.0025,0.0316,0.136933333,12.64
tg_ldl_4_mg_dl,Serum,0.995804006,0.003932501,2.584333333,0.060666667,0.7753,3.359633333,12.77967033
alanine,Serum,0.972224727,0.086102124,0.439,0.009916667,0.1317,0.5707,13.28067227
citrate,Serum,0.176760427,0.021464921,0.090133333,0.001866667,0.02704,0.117173333,14.48571429
f_chol_vldl_4_mg_dl,Serum,0.996128752,0.003547671,1.959,0.036833333,0.5877,2.5467,15.95565611
tg_hdl_mg_dl,Serum,0.995891807,0.013051101,10.234,0.190333333,3.0702,13.3042,16.13064799
f_chol_hdl_4_mg_dl,Serum,0.974815298,0.060062957,5.968666667,-0.102833333,1.7906,4.178066667,17.41264182
chol_ldl_6_mg_dl,Serum,0.914651984,0.057846755,25.762,-0.442333333,7.7286,18.0334,17.47234363
glutamine,Serum,0.915948058,0.093014927,0.759333333,-0.012416667,0.2278,0.531533333,18.34630872
ldl_6_particles_nmol_l,Serum,0.923543914,0.046117552,385.5826667,-6.207083333,115.6748,269.9078667,18.63593475
phosl_ldl_6_mg_dl,Serum,0.919051116,0.065748629,14.50533333,-0.2335,4.3516,10.15373333,18.63640257
apo_b_ldl_6_mg_dl,Serum,0.923633016,0.046109724,21.20633333,-0.341333333,6.3619,14.84443333,18.63837891
chol_hdl_2_mg_dl,Serum,0.992655721,0.008864532,8.080333333,0.127666667,2.4241,10.50443333,18.98772846
lysine,Serum,0.338464858,0.207662558,0.191333333,0.002916667,0.0574,0.248733333,19.68
apo_a1_hdl_1_mg_dl,Serum,0.998867943,0.001463159,28.83666667,0.4005,8.651,37.48766667,21.60049938
tg_ldl_2_mg_dl,Serum,0.997972504,0.00286896,2.378066667,0.031766667,0.71342,3.091486667,22.45813221
phosl_ldl_4_mg_dl,Serum,0.995244454,0.004919316,11.55366667,0.153166667,3.4661,15.01976667,22.62959739
chol_ldl_4_mg_dl,Serum,0.994964308,0.004467278,21.32633333,0.27625,6.3979,27.72423333,23.159819
ldl_4_particles_nmol_l,Serum,0.994703136,0.004223037,250.8813333,3.243333333,75.2644,326.1457333,23.20587873
apo_b_ldl_4_mg_dl,Serum,0.994699194,0.004209509,13.798,0.178083333,4.1394,17.9374,23.24417408
tyrosine,Serum,0.854401304,0.036951945,0.052666667,0.000666667,0.0158,0.068466667,23.7
f_chol_hdl_3_mg_dl,Serum,0.982457347,0.020123031,3.6,-0.043916667,1.08,2.52,24.59203036
phosl_hdl_2_mg_dl,Serum,0.99549165,0.006008756,13.02233333,0.157333333,3.9067,16.92903333,24.83072034
tg_vldl_1_mg_dl,Serum,0.995824901,0.003007493,56.21866667,-0.669083333,16.8656,39.35306667,25.20702454
creatinine,Serum,0.772179533,0.040061424,0.098666667,0.001166667,0.0296,0.128266667,25.37142857
tg_vldl_2_mg_dl,Serum,0.998426441,0.002924143,16.14566667,-0.190333333,4.8437,11.30196667,25.44851138
formate,Serum,0.106533807,0.000847959,0.008666667,1.00E-04,0.0026,0.011266667,26
phosl_vldl_1_mg_dl,Serum,0.997109926,0.002182715,8.054666667,-0.092666667,2.4164,5.638266667,26.07625899
tg_ldl_5_mg_dl,Serum,0.988546861,0.001304195,2.624333333,0.028916667,0.7873,3.411633333,27.22651297
tg_ldl_6_mg_dl,Serum,0.948335855,0.014432955,4.797,-0.052583333,1.4391,3.3579,27.36798732
tg_idl_mg_dl,Serum,0.996294231,0.002479553,16.62,-0.171166667,4.986,11.634,29.12950341
phosl_hdl_4_mg_dl,Serum,0.994770461,0.045091386,34.20166667,-0.3435,10.2605,23.94116667,29.87045124
chol_vldl_3_mg_dl,Serum,0.993312355,0.000826031,3.307,0.032,0.9921,4.2991,31.003125
f_chol_ldl_2_mg_dl,Serum,0.992504957,0.002363746,7.299,-0.068666667,2.1897,5.1093,31.88883495
f_chol_ldl_4_mg_dl,Serum,0.993147778,0.003694566,6.597,0.061833333,1.9791,8.5761,32.00700809
chol_vldl_2_mg_dl,Serum,0.994317977,0.001217759,3.605333333,0.033083333,1.0816,4.686933333,32.69319899
chol_hdl_4_mg_dl,Serum,0.996515843,0.015586308,24.617,-0.223166667,7.3851,17.2319,33.09230769
chol_ldl_2_mg_dl,Serum,0.991269459,0.001588459,20.33333333,-0.177583333,6.1,14.23333333,34.35007039
f_chol_vldl_3_mg_dl,Serum,0.995774786,0.000724143,1.402333333,0.012083333,0.4207,1.823033333,34.81655172
phosl_hdl_1_mg_dl,Serum,0.998964003,0.000692292,22.73166667,0.195166667,6.8195,29.55116667,34.94192997
chol_idl_mg_dl,Serum,0.995505736,0.001429017,14.93733333,0.128,4.4812,19.41853333,35.009375
apo_a2_hdl_1_mg_dl,Serum,0.998900219,0.000662446,3.096666667,0.026333333,0.929,4.025666667,35.27848101
methionine,Serum,0.779886142,0.022128982,0.088666667,0.00075,0.0266,0.115266667,35.46666667
f_chol_idl_mg_dl,Serum,0.996164249,0.001441094,4.092,0.034416667,1.2276,5.3196,35.66876513
chol_vldl_mg_dl,Serum,0.997434731,0.00135218,21.511,0.177833333,6.4533,27.9643,36.28847235
tg_vldl_3_mg_dl,Serum,0.996604713,0.001046406,11.45466667,-0.094,3.4364,8.018266667,36.55744681
tg_vldl_mg_dl,Serum,0.997328825,0.002089752,99.84666667,-0.818916667,29.954,69.89266667,36.57759235
tg_vldl_4_mg_dl,Serum,0.9954782,0.001070418,7.493666667,-0.059666667,2.2481,5.245566667,37.67765363
apo_a2_hdl_4_mg_dl,Serum,0.990515796,0.013234023,23.891,-0.186666667,7.1673,16.7237,38.39625
phosl_vldl_2_mg_dl,Serum,0.998376052,0.000933916,3.653666667,-0.02825,1.0961,2.557566667,38.8
ldl_2_particles_nmol_l,Serum,0.991899528,0.00159635,207.2166667,-1.536333333,62.165,145.0516667,40.46322413
apo_b_ldl_2_mg_dl,Serum,0.9918751,0.001590006,11.39633333,-0.084333333,3.4189,7.977433333,40.54031621
valine,Serum,0.644126832,0.031802168,0.278666667,0.002,0.0836,0.362266667,41.8
apo_b_idl_mg_dl,Serum,0.996345267,0.001031495,6.080666667,0.043,1.8242,7.904866667,42.42325581
idl_particles_nmol_l,Serum,0.99635757,0.001022704,110.5873333,0.778666667,33.1762,143.7635333,42.60642123
chol_ldl_1_mg_dl,Serum,0.994709775,0.00188687,27.93566667,0.185583333,8.3807,36.31636667,45.15868882
chol_vldl_1_mg_dl,Serum,0.998361871,0.000879784,9.258,0.059583333,2.7774,12.0354,46.61370629
tg_ldl_mg_dl,Serum,0.995319724,0.000942426,20.85733333,0.128,6.2572,27.11453333,48.884375
chol_hdl_1_mg_dl,Serum,0.998708152,0.00035113,18.54433333,0.113666667,5.5633,24.10763333,48.94398827
tg_hdl_3_mg_dl,Serum,0.996406578,0.001076079,2.220666667,0.013583333,0.6662,2.886866667,49.04539877
phosl_ldl_1_mg_dl,Serum,0.994517111,0.001707751,15.68666667,0.094583333,4.706,20.39266667,49.75506608
phosl_ldl_2_mg_dl,Serum,0.992672609,0.000871167,11.17966667,-0.06575,3.3539,7.825766667,51.00988593
f_chol_vldl_1_mg_dl,Serum,0.996461068,0.00045274,3.242333333,-0.019,0.9727,2.269633333,51.19473684
phosl_vldl_mg_dl,Serum,0.998816898,0.000998023,23.34866667,-0.1295,7.0046,16.34406667,54.08957529
f_chol_ldl_5_mg_dl,Serum,0.968376942,0.001815023,6.081666667,-0.033333333,1.8245,4.257166667,54.735
apo_a1_hdl_4_mg_dl,Serum,0.993520972,0.010558811,92.53233333,-0.489583333,27.7597,64.77263333,56.70066383
tg_hdl_4_mg_dl,Serum,0.996249517,0.001293212,3.905333333,-0.020583333,1.1716,2.733733333,56.91983806
apo_b_ldl_1_mg_dl,Serum,0.996391931,0.001143511,15.02666667,0.077416667,4.508,19.53466667,58.23035522
ldl_1_particles_nmol_l,Serum,0.996380817,0.001140517,273.224,1.405666667,81.9672,355.1912,58.31197534
chol_vldl_5_mg_dl,Serum,0.992051716,0.000354701,0.906666667,0.004333333,0.272,1.178666667,62.76923077
tg_mg_dl,Serum,0.997790396,0.000938871,153.454,-0.65575,46.0362,107.4178,70.20388868
phosl_ldl_5_mg_dl,Serum,0.972406044,0.00084494,10.96333333,-0.0455,3.289,7.674333333,72.28571429
tg_ldl_1_mg_dl,Serum,0.99703352,0.000283416,6.535,0.024583333,1.9605,8.4955,79.74915254
chol_ldl_5_mg_dl,Serum,0.970412803,0.000622423,20.16533333,-0.075166667,6.0496,14.11573333,80.48248337
ldl_5_particles_nmol_l,Serum,0.97374916,0.00050638,255.8413333,-0.939666667,76.7524,179.0889333,81.68045406
apo_b_ldl_5_mg_dl,Serum,0.97377461,0.00050436,14.06966667,-0.051583333,4.2209,9.848766667,81.82681745
apo_b_vldl_mg_dl,Serum,0.998283752,0.000295714,7.841666667,0.028583333,2.3525,10.19416667,82.303207
f_chol_vldl_5_mg_dl,Serum,0.99102451,0.000268998,0.830666667,0.003,0.2492,1.079866667,83.06666667
vldl_particles_nmol_l,Serum,0.998267911,0.00028846,142.609,0.513333333,42.7827,185.3917,83.34292208
phosl_hdl_3_mg_dl,Serum,0.99483657,0.001572274,19.25966667,-0.063416667,5.7779,13.48176667,91.11011827
phosl_idl_mg_dl,Serum,0.994135305,0.000758363,8.754333333,0.026916667,2.6263,11.38063333,97.57151703
phosl_vldl_4_mg_dl,Serum,0.997444634,0.000135498,3.971,0.012,1.1913,5.1623,99.275
apo_a2_hdl_2_mg_dl,Serum,0.995058384,0.000438786,4.029666667,0.0115,1.2089,5.238566667,105.1217391
f_chol_ldl_3_mg_dl,Serum,0.996995973,0.00024211,7.068333333,0.01975,2.1205,9.188833333,107.3670886
f_chol_hdl_2_mg_dl,Serum,0.992553052,0.000398925,2.801,0.007666667,0.8403,3.6413,109.6043478
isoleucine,Serum,0.598632423,0.000618109,0.064666667,0.000166667,0.0194,0.084066667,116.4
apo_b_ldl_3_mg_dl,Serum,0.997284801,0.000204072,12.57333333,0.031833333,3.772,16.34533333,118.4921466
ldl_3_particles_nmol_l,Serum,0.997272819,0.000199005,228.652,0.571666667,68.5956,297.2476,119.9923032
ldl_chol_hdl_chol,Serum,0.998379321,0.000321437,2.220666667,-0.005416667,0.6662,1.554466667,122.9907692
ldl_particles_nmol_l,Serum,0.993999587,0.000494957,1568.024333,-3.8025,470.4073,1097.617033,123.7100066
apo_b_ldl_mg_dl,Serum,0.994002564,0.000494748,86.237,-0.209083333,25.8711,60.3659,123.735831
f_chol_hdl_1_mg_dl,Serum,0.998846571,9.17E-05,6.384333333,0.014166667,1.9153,8.299633333,135.1976471
f_chol_ldl_mg_dl,Serum,0.996876401,0.000379347,43.89366667,-0.09625,13.1681,30.72556667,136.8114286
apo_a1_hdl_2_mg_dl,Serum,0.998976495,0.000262214,21.38866667,0.046166667,6.4166,27.80526667,138.9877256
hdl_chol_mg_dl,Serum,0.997271967,0.000275001,64.36533333,0.132916667,19.3096,83.67493333,145.2759875
phosl_vldl_5_mg_dl,Serum,0.993731611,0.000141527,1.551666667,-0.002916667,0.4655,1.086166667,159.6
tg_ldl_3_mg_dl,Serum,0.998371546,9.37E-05,3.067666667,-0.005416667,0.9203,2.147366667,169.9015385
phosl_ldl_3_mg_dl,Serum,0.996604848,0.000103104,11.82833333,0.020583333,3.5485,15.37683333,172.3967611
chol_ldl_3_mg_dl,Serum,0.996318836,7.31E-05,21.49793333,0.034783333,6.44938,27.94731333,185.4158122
chol_mg_dl,Serum,0.997224084,0.000305145,241.4413333,0.345083333,72.4324,313.8737333,209.8982854
ldl_chol_mg_dl,Serum,0.996443326,0.000146888,136.542,-0.191666667,40.9626,95.5794,213.717913
phosl_hdl_mg_dl,Serum,0.998690348,0.000143017,89.01833333,0.124166667,26.7055,115.7238333,215.0778523
f_chol_ldl_1_mg_dl,Serum,0.996228306,6.59E-05,8.885,0.011,2.6655,11.5505,242.3181818
phosl_ldl_mg_dl,Serum,0.997552808,0.000123438,75.74666667,-0.0895,22.724,53.02266667,253.8994413
apo_a2_mg_dl,Serum,0.981209376,0.000516081,37.98466667,-0.044,11.3954,26.58926667,258.9863636
apo_a1_mg_dl,Serum,0.997090836,0.000214445,169.2173333,0.193416667,50.7652,219.9825333,262.465489
apo_b100_apo_a1,Serum,0.996852424,8.39E-05,0.624666667,-0.000666667,0.1874,0.437266667,281.1
apo_a2_hdl_3_mg_dl,Serum,0.988835292,0.000176368,7.673,-0.008083333,2.3019,5.3711,284.771134
tg_vldl_5_mg_dl,Serum,0.996965138,6.05E-05,3.021333333,-0.003083333,0.9064,2.114933333,293.9675676
apo_b100_mg_dl,Serum,0.992881724,9.89E-05,103.1066667,-0.101666667,30.932,72.17466667,304.2491803
total_particles_apo_b_nmol_l,Serum,0.992880026,9.83E-05,1874.738667,-1.842583333,562.4216,1312.317067,305.235367
f_chol_hdl_mg_dl,Serum,0.997692086,4.83E-05,18.895,-0.01675,5.6685,13.2265,338.4179104
chol_vldl_4_mg_dl,Serum,0.993998879,1.03E-05,4.669666667,-0.004083333,1.4009,3.268766667,343.077551
apo_a2_hdl_mg_dl,Serum,0.981391098,0.00020923,37.96033333,-0.028666667,11.3881,26.57223333,397.2593023
apo_a1_hdl_mg_dl,Serum,0.996624032,6.90E-05,172.2123333,0.116666667,51.6637,223.8760333,442.8317143
f_chol_vldl_mg_dl,Serum,0.998723811,1.53E-05,10.76433333,0.00725,3.2293,13.99363333,445.4206897
apo_a1_hdl_3_mg_dl,Serum,0.992708762,8.25E-05,32.25033333,0.021083333,9.6751,41.92543333,458.8980237
chol_hdl_3_mg_dl,Serum,0.991015493,6.22E-05,11.86366667,0.007666667,3.5591,15.42276667,464.2304348
phosl_vldl_3_mg_dl,Serum,0.996254605,7.94E-09,3.282333333,8.33E-05,0.9847,4.267033333,11816.4
pyruvate,Serum,0.79385502,3.69E-31,0.109666667,7.86E-18,0.0329,0.142566667,4.18E+15
glutamate,LiHep,0.634946697,0.468015724,0.029333333,0.018666667,0.0088,0.038133333,0.471428571
acetone,LiHep,0.599518436,0.432853493,0.008066667,0.002733333,0.00242,0.010486667,0.885365854
lactate,LiHep,0.956493775,0.789448481,2.206666667,0.640833333,0.662,2.868666667,1.033029909
glucose,LiHep,0.989602995,0.372377137,5.623,-0.340666667,1.6869,3.9361,4.951761252
glutamine,LiHep,0.541990238,0.240498578,0.729,-0.038583333,0.2187,0.5103,5.66825054
methionine,LiHep,0.829765285,0.177636344,0.094666667,-0.004416667,0.0284,0.066266667,6.430188679
tg_ldl_4_mg_dl,LiHep,0.996539123,0.020163404,2.624333333,0.119666667,0.7873,3.411633333,6.579108635
f_chol_vldl_4_mg_dl,LiHep,0.990744145,0.03509978,1.454333333,0.066083333,0.4363,1.890633333,6.602269861
phenylalanine,LiHep,0.393956993,0.12088325,0.036933333,0.0014,0.01108,0.048013333,7.914285714
chol_vldl_3_mg_dl,LiHep,0.994113181,0.017428903,3.278666667,0.1025,0.9836,4.262266667,9.596097561
creatinine,LiHep,0.52880527,0.405376187,0.088333333,0.002666667,0.0265,0.114833333,9.9375
apo_b_ldl_4_mg_dl,LiHep,0.991397982,0.029203768,12.158,0.366666667,3.6474,15.8054,9.947454545
ldl_4_particles_nmol_l,LiHep,0.99143864,0.029199536,221.067,6.667,66.3201,287.3871,9.947517624
chol_ldl_4_mg_dl,LiHep,0.990367384,0.030833197,19.503,0.530666667,5.8509,25.3539,11.02556533
phosl_ldl_4_mg_dl,LiHep,0.990082896,0.032335507,10.789,0.29025,3.2367,14.0257,11.15142119
f_chol_vldl_2_mg_dl,LiHep,0.997090574,0.009923031,1.5078,0.040366667,0.45234,1.96014,11.20578035
tg_hdl_2_mg_dl,LiHep,0.993025838,0.016832243,2.272333333,0.0585,0.6817,2.954033333,11.65299145
citrate,LiHep,0.688892407,0.049513131,0.146333333,-0.003633333,0.0439,0.102433333,12.08256881
tg_hdl_1_mg_dl,LiHep,0.996080258,0.00971526,4.483,0.108,1.3449,5.8279,12.45277778
f_chol_ldl_6_mg_dl,LiHep,0.95890864,0.103148298,7.744,-0.1855,2.3232,5.4208,12.52398922
f_chol_ldl_4_mg_dl,LiHep,0.984609255,0.038008153,5.916,0.133583333,1.7748,7.6908,13.28608858
chol_ldl_6_mg_dl,LiHep,0.960330315,0.066055082,29.439,-0.64475,8.8317,20.6073,13.69786739
chol_idl_mg_dl,LiHep,0.991162306,0.0129484,13.07666667,0.286,3.923,16.99966667,13.71678322
formate,LiHep,NA,0.080144868,0.027,0.000583333,0.0081,0.0351,13.88571429
f_chol_idl_mg_dl,LiHep,0.990715557,0.012406869,3.560666667,0.07375,1.0682,4.628866667,14.4840678
ldl_6_particles_nmol_l,LiHep,0.974251273,0.044549453,437.9903333,-8.897333333,131.3971,306.5932333,14.76814401
apo_b_ldl_6_mg_dl,LiHep,0.974255423,0.044516425,24.087,-0.489166667,7.2261,16.8609,14.77226576
phosl_ldl_6_mg_dl,LiHep,0.960105888,0.07436626,16.02333333,-0.320666667,4.807,11.21633333,14.99064449
f_chol_vldl_3_mg_dl,LiHep,0.994328988,0.009514969,1.506,0.029083333,0.4518,1.9578,15.53467049
histidine,LiHep,0.400691635,0.076176076,0.101,-0.001833333,0.0303,0.0707,16.52727273
chol_vldl_mg_dl,LiHep,0.997299706,0.007640719,20.02466667,0.346416667,6.0074,26.03206667,17.34154438
f_chol_vldl_5_mg_dl,LiHep,0.968184033,0.001164407,0.241333333,0.004083333,0.0724,0.313733333,17.73061224
ldl_3_particles_nmol_l,LiHep,0.973334886,0.015746863,197.7506667,3.2785,59.3252,257.0758667,18.09522648
apo_b_ldl_3_mg_dl,LiHep,0.973403593,0.015708162,10.87666667,0.180083333,3.263,14.13966667,18.11938917
tg_ldl_2_mg_dl,LiHep,0.99532783,0.006748954,2.521,0.041166667,0.7563,3.2773,18.37165992
tg_hdl_mg_dl,LiHep,0.996396171,0.009070122,13.643,0.220666667,4.0929,17.7359,18.5478852
chol_hdl_4_mg_dl,LiHep,0.990722794,0.055112791,21.64366667,-0.348666667,6.4931,15.15056667,18.62265774
chol_vldl_2_mg_dl,LiHep,0.998217341,0.00351168,3.570333333,0.055916667,1.0711,4.641433333,19.15529061
phosl_ldl_3_mg_dl,LiHep,0.970502603,0.015010837,10.20266667,0.152833333,3.0608,13.26346667,20.02704471
idl_particles_nmol_l,LiHep,0.995653947,0.005827856,103.9976667,1.532083333,31.1993,135.1969667,20.36397063
apo_b_idl_mg_dl,LiHep,0.995639827,0.005824857,5.720333333,0.08425,1.7161,7.436433333,20.36913947
chol_ldl_3_mg_dl,LiHep,0.972904035,0.011821523,18.31066667,0.268583333,5.4932,23.80386667,20.45249767
f_chol_hdl_4_mg_dl,LiHep,0.915841254,0.065167751,4.658333333,-0.066916667,1.3975,3.260833333,20.88418431
phosl_hdl_4_mg_dl,LiHep,0.986216148,0.112702869,30.15433333,-0.430083333,9.0463,21.10803333,21.03383065
chol_vldl_5_mg_dl,LiHep,0.960032887,0.002577652,0.546666667,-0.00775,0.164,0.382666667,21.16129032
tg_idl_mg_dl,LiHep,0.9991359,0.004693243,21.515,-0.30275,6.4545,15.0605,21.3195706
tg_ldl_5_mg_dl,LiHep,0.99409497,0.003546334,3.089,0.04325,0.9267,4.0157,21.4265896
chol_vldl_4_mg_dl,LiHep,0.99389432,0.004246385,3.639666667,0.050333333,1.0919,4.731566667,21.69337748
chol_vldl_1_mg_dl,LiHep,0.993487598,0.004984611,8.479666667,0.115083333,2.5439,11.02356667,22.10485156
apo_a2_hdl_4_mg_dl,LiHep,0.989711553,0.055480546,22.17166667,-0.299416667,6.6515,15.52016667,22.21486223
f_chol_ldl_3_mg_dl,LiHep,0.96983972,0.015346131,5.749,0.0745,1.7247,7.4737,23.15033557
tg_ldl_6_mg_dl,LiHep,0.991407396,0.01305516,5.776333333,-0.067916667,1.7329,4.043433333,25.51509202
tg_ldl_mg_dl,LiHep,0.996549199,0.004368031,22.905,0.269,6.8715,29.7765,25.54460967
tg_vldl_1_mg_dl,LiHep,0.996696582,0.007184132,65.461,-0.722083333,19.6383,45.8227,27.19672245
lysine,LiHep,0.773282693,0.003390214,0.142866667,-0.001566667,0.04286,0.100006667,27.35744681
apo_a1_hdl_1_mg_dl,LiHep,0.995969171,0.001808929,27.18,0.28925,8.154,35.334,28.19014693
phosl_vldl_1_mg_dl,LiHep,0.996994398,0.00485582,10.14133333,-0.097583333,3.0424,7.098933333,31.17745517
valine,LiHep,0.476916692,0.049298834,0.270333333,0.002583333,0.0811,0.351433333,31.39354839
f_chol_hdl_2_mg_dl,LiHep,0.949301421,0.006691279,2.276333333,0.021583333,0.6829,2.959233333,31.64015444
f_chol_vldl_1_mg_dl,LiHep,0.994280378,0.003708587,4.061666667,-0.037833333,1.2185,2.843166667,32.20704846
chol_ldl_1_mg_dl,LiHep,0.983783592,0.006050038,20.18533333,0.173166667,6.0556,26.24093333,34.96977863
tg_hdl_3_mg_dl,LiHep,0.99330222,0.002824123,2.819666667,0.02325,0.8459,3.665566667,36.3827957
tg_vldl_2_mg_dl,LiHep,0.997983915,0.00228722,21.16833333,-0.174083333,6.3505,14.81783333,36.47965534
f_chol_hdl_3_mg_dl,LiHep,0.905781943,0.016310279,3.013333333,-0.024666667,0.904,2.109333333,36.64864865
tg_vldl_mg_dl,LiHep,0.998042604,0.003474454,116.5106667,-0.940833333,34.9532,81.55746667,37.15131975
chol_hdl_2_mg_dl,LiHep,0.986086114,0.004956087,8.282,0.065333333,2.4846,10.7666,38.02959184
apo_a1_hdl_4_mg_dl,LiHep,0.977911982,0.050219489,84.477,-0.657416667,25.3431,59.1339,38.54952465
leucine,LiHep,0.519220952,0.017170901,0.120666667,0.000916667,0.0362,0.156866667,39.49090909
phosl_vldl_4_mg_dl,LiHep,0.99712075,0.001748298,4.262333333,0.032,1.2787,5.541033333,39.959375
f_chol_hdl_1_mg_dl,LiHep,0.989655711,0.001946859,5.297666667,0.0395,1.5893,6.886966667,40.23544304
phosl_ldl_1_mg_dl,LiHep,0.987503765,0.004143309,12.039,0.08725,3.6117,15.6507,41.39484241
phosl_hdl_3_mg_dl,LiHep,0.972476746,0.008580984,18.19166667,-0.13,5.4575,12.73416667,41.98076923
phosl_hdl_2_mg_dl,LiHep,0.987382527,0.003254017,13.58833333,0.09625,4.0765,17.66483333,42.35324675
ldl_1_particles_nmol_l,LiHep,0.988589846,0.003499405,205.366,1.444333333,61.6098,266.9758,42.65621971
apo_b_ldl_1_mg_dl,LiHep,0.988663603,0.003488129,11.29466667,0.079333333,3.3884,14.68306667,42.71092437
tg_vldl_4_mg_dl,LiHep,0.993337932,0.001992257,9.143666667,-0.059583333,2.7431,6.400566667,46.03804196
f_chol_hdl_mg_dl,LiHep,0.981673524,0.003250284,14.73566667,0.09325,4.4207,19.15636667,47.40697051
ldl_chol_hdl_chol,LiHep,0.995360172,0.002163402,2.27,0.013083333,0.681,2.951,52.05095541
apo_a2_hdl_mg_dl,LiHep,0.958987869,0.023131872,37.954,-0.209083333,11.3862,26.5678,54.45771224
f_chol_ldl_mg_dl,LiHep,0.98190643,0.006416015,36.34333333,0.200083333,10.903,47.24633333,54.49229488
apo_a2_mg_dl,LiHep,0.947874905,0.024196101,37.796,-0.2045,11.3388,26.4572,55.44645477
phosl_vldl_2_mg_dl,LiHep,0.996721794,0.000896099,5.006333333,-0.025666667,1.5019,3.504433333,58.51558442
f_chol_vldl_mg_dl,LiHep,0.995086044,0.001255897,10.118,0.05075,3.0354,13.1534,59.81083744
phosl_vldl_mg_dl,LiHep,0.995204355,0.001477386,25.37033333,-0.126,7.6111,17.75923333,60.40555556
hdl_chol_mg_dl,LiHep,0.992657656,0.003425752,59.26233333,-0.2875,17.7787,41.48363333,61.83895652
f_chol_ldl_1_mg_dl,LiHep,0.978455387,0.001965298,6.328,0.028166667,1.8984,8.2264,67.39881657
chol_hdl_1_mg_dl,LiHep,0.996375068,0.000474061,18.53866667,-0.079833333,5.5616,12.97706667,69.6651357
vldl_particles_nmol_l,LiHep,0.997666647,0.000905095,158.919,0.680083333,47.6757,206.5947,70.10273251
tg_ldl_1_mg_dl,LiHep,0.991377183,0.000438059,6.145,0.026166667,1.8435,7.9885,70.4522293
apo_b_vldl_mg_dl,LiHep,0.997688535,0.000889875,8.741333333,0.037083333,2.6224,11.36373333,70.71640449
chol_hdl_3_mg_dl,LiHep,0.968125526,0.004144599,11.27233333,-0.045666667,3.3817,7.890633333,74.05182482
apo_a2_hdl_1_mg_dl,LiHep,0.992547294,0.000326215,3.339666667,0.012833333,1.0019,4.341566667,78.07012987
apo_b100_apo_a1,LiHep,0.995073569,0.001211717,0.615666667,0.002333333,0.1847,0.800366667,79.15714286
apo_a2_hdl_3_mg_dl,LiHep,0.966490579,0.002351033,7.945,-0.028333333,2.3835,5.5615,84.12352941
tg_mg_dl,LiHep,0.999048338,0.000611453,167.6606667,-0.585416667,50.2982,117.3624667,85.91863345
phosl_vldl_3_mg_dl,LiHep,0.99268475,0.000454265,4.430333333,0.015083333,1.3291,5.759433333,88.11712707
chol_ldl_2_mg_dl,LiHep,0.973507823,0.000422598,16.111,-0.0545,4.8333,11.2777,88.68440367
tg_vldl_5_mg_dl,LiHep,0.987287924,0.000800677,2.574666667,-0.008166667,0.7724,1.802266667,94.57959184
alanine,LiHep,0.851006274,0.00268499,0.486333333,0.001416667,0.1459,0.632233333,102.9882353
phosl_hdl_mg_dl,LiHep,0.99275442,0.000945437,83.73966667,-0.231166667,25.1219,58.61776667,108.6744052
apo_b100_mg_dl,LiHep,0.99398083,0.001035993,97.593,0.263916667,29.2779,126.8709,110.9361541
total_particles_apo_b_nmol_l,LiHep,0.993982686,0.001034653,1774.515667,4.795416667,532.3547,2306.870367,111.0132314
phosl_hdl_1_mg_dl,LiHep,0.995800503,0.000158027,22.445,0.060083333,6.7335,29.1785,112.0693481
chol_mg_dl,LiHep,0.988998118,0.003311414,216.9336667,0.577,65.0801,282.0137667,112.7904679
pyruvate,LiHep,0.752341473,0.000491662,0.126333333,-0.000333333,0.0379,0.088433333,113.7
f_chol_ldl_2_mg_dl,LiHep,0.961350351,0.000333672,5.401,-0.01375,1.6203,3.7807,117.84
phosl_vldl_5_mg_dl,LiHep,0.963566385,0.000322884,1.073333333,-0.002666667,0.322,0.751333333,120.75
apo_a1_hdl_2_mg_dl,LiHep,0.995031389,0.000466265,22.16766667,-0.054666667,6.6503,15.51736667,121.6518293
phosl_ldl_mg_dl,LiHep,0.993257825,0.001065657,70.201,0.162916667,21.0603,91.2613,129.2703836
ldl_chol_mg_dl,LiHep,0.989740025,0.000667923,126.2566667,0.23375,37.877,164.1336667,162.0406417
apo_a1_hdl_mg_dl,LiHep,0.992300409,0.000768767,163.4606667,-0.289583333,49.0382,114.4224667,169.3405468
apo_a1_mg_dl,LiHep,0.994081502,0.000788589,164.1526667,-0.28725,49.2458,114.9068667,171.4388164
tg_ldl_3_mg_dl,LiHep,0.999415864,0.000106666,2.815333333,0.004916667,0.8446,3.659933333,171.7830508
tg_hdl_4_mg_dl,LiHep,0.993664671,0.000210821,4.278,-0.007,1.2834,2.9946,183.3428571
tyrosine,LiHep,0.956044126,0.000132553,0.063333333,8.33E-05,0.019,0.082333333,228
apo_a2_hdl_2_mg_dl,LiHep,0.976846093,9.82E-05,4.416,-0.005166667,1.3248,3.0912,256.4129032
f_chol_ldl_5_mg_dl,LiHep,0.96841988,9.99E-05,5.993,0.005666667,1.7979,7.7909,317.2764706
ldl_2_particles_nmol_l,LiHep,0.969191502,4.28E-05,170.1816667,-0.159166667,51.0545,119.1271667,320.7612565
apo_b_ldl_2_mg_dl,LiHep,0.969285046,4.28E-05,9.36,-0.00875,2.808,6.552,320.9142857
phosl_ldl_5_mg_dl,LiHep,0.972664296,5.62E-05,11.98833333,0.00975,3.5965,15.58483333,368.8717949
apo_a1_hdl_3_mg_dl,LiHep,0.980457409,0.000121747,30.66166667,-0.023083333,9.1985,21.46316667,398.4909747
apo_b_ldl_5_mg_dl,LiHep,0.975312627,2.28E-05,15.34266667,0.008916667,4.6028,19.94546667,516.2018692
ldl_5_particles_nmol_l,LiHep,0.975259299,2.09E-05,278.998,0.155,83.6994,362.6974,539.996129
tg_vldl_3_mg_dl,LiHep,0.996297441,7.36E-06,14.64566667,-0.007416667,4.3937,10.25196667,592.4089888
ldl_particles_nmol_l,LiHep,0.993864068,2.71E-05,1478.325333,0.625,443.4976,1921.822933,709.59616
apo_b_ldl_mg_dl,LiHep,0.993854055,2.70E-05,81.30366667,0.034333333,24.3911,105.6947667,710.4203883
glycine,LiHep,0.696641123,2.02E-05,0.208666667,8.33E-05,0.0626,0.271266667,751.2
phosl_ldl_2_mg_dl,LiHep,0.974178141,7.07E-06,9.127333333,-0.003416667,2.7382,6.389133333,801.4243902
phosl_idl_mg_dl,LiHep,0.994276138,7.15E-06,9.534,-0.00325,2.8602,6.6738,880.0615385
chol_ldl_5_mg_dl,LiHep,0.967559509,7.89E-08,21.98833333,0.000666667,6.5965,28.58483333,9894.75
isoleucine,LiHep,0.768354899,7.48E-31,0.070333333,-7.17E-18,0.0211,0.049233333,2.94E+15
glutamate,EDTA,0.543942883,0.49309093,0.014145817,0.0186,0.004243745,0.018389562,0.22815834
lactate,EDTA,0.958562029,0.779852565,2.264651768,0.566,0.67939553,2.944047298,1.20034546
acetone,EDTA,0.699663743,0.210714767,0.009338887,0.00136,0.002801666,0.012140553,2.06004852
pyruvate,EDTA,0.546029189,0.370882199,0.146319175,0.0106,0.043895753,0.190214928,4.14110873
glucose,EDTA,0.9854818,0.385599784,5.623059674,-0.325,1.686917902,3.936141772,5.190516622
methionine,EDTA,0.86028524,0.1576065,0.090156731,-0.0045,0.027047019,0.063109712,6.010448744
glutamine,EDTA,0.865081644,0.144661001,0.769521484,-0.0334,0.230856445,0.538665038,6.911869613
f_chol_vldl_4_mg_dl,EDTA,0.984910422,0.026433593,1.662004327,0.0551,0.498601298,2.160605626,9.049025376
tg_ldl_4_mg_dl,EDTA,0.992562639,0.01536866,3.291772073,0.1089,0.987531622,4.279303695,9.068242626
chol_vldl_5_mg_dl,EDTA,0.947667155,0.019359538,0.838950688,-0.02504,0.251685206,0.587265482,10.05132614
f_chol_ldl_6_mg_dl,EDTA,0.943412668,0.128049124,8.069876488,-0.2283,2.420962946,5.648913542,10.6043055
apo_b_ldl_3_mg_dl,EDTA,0.979577239,0.034338454,8.70926063,0.2318,2.612778189,11.32203882,11.27169193
ldl_3_particles_nmol_l,EDTA,0.979532415,0.034285184,158.3768583,4.2116,47.51305749,205.8899158,11.28147438
chol_ldl_6_mg_dl,EDTA,0.958373467,0.091258566,32.27198031,-0.8573,9.681594093,22.59038622,11.2931227
chol_ldl_3_mg_dl,EDTA,0.972118315,0.038877432,14.06762778,0.3668,4.220288335,18.28791612,11.50569339
apo_b_ldl_6_mg_dl,EDTA,0.967894725,0.071044584,26.62395337,-0.6746,7.98718601,18.63676736,11.83988439
ldl_6_particles_nmol_l,EDTA,0.96789643,0.071013636,484.1066688,-12.2637,145.2320006,338.8746682,11.84242934
tg_ldl_2_mg_dl,EDTA,0.992168742,0.013615456,2.487522269,0.0622,0.746256681,3.23377895,11.99769583
ldl_4_particles_nmol_l,EDTA,0.987713987,0.019782306,229.9621424,5.7298,68.98864273,298.9507852,12.040323
apo_b_ldl_4_mg_dl,EDTA,0.987723375,0.019767105,12.64789227,0.315,3.794367681,16.44225995,12.04561168
phosl_ldl_3_mg_dl,EDTA,0.975595414,0.037244982,8.21310292,0.2028,2.463930876,10.6770338,12.14956053
phosl_ldl_6_mg_dl,EDTA,0.953560991,0.108532664,17.39978601,-0.4235,5.219935803,12.17985021,12.32570438
chol_ldl_4_mg_dl,EDTA,0.984320209,0.024605567,19.77986409,0.4782,5.933959227,25.71382332,12.40894861
phosl_ldl_4_mg_dl,EDTA,0.985388222,0.025466056,11.05604134,0.2649,3.316812401,14.37285374,12.52099812
tg_hdl_1_mg_dl,EDTA,0.99283012,0.014735649,5.099529521,0.1214,1.529858856,6.629388378,12.60180277
tg_hdl_2_mg_dl,EDTA,0.992423789,0.023272455,2.552422815,0.06,0.765726845,3.31814966,12.76211408
f_chol_vldl_5_mg_dl,EDTA,0.974524586,0.003879071,0.382537948,-0.00848,0.114761384,0.267776564,13.53318213
f_chol_ldl_4_mg_dl,EDTA,0.978765847,0.028948398,5.77832366,0.1189,1.733497098,7.511820758,14.57945415
chol_vldl_3_mg_dl,EDTA,0.994379505,0.007624712,3.542908081,0.0726,1.062872424,4.605780506,14.64011604
f_chol_vldl_2_mg_dl,EDTA,0.995847886,0.005601236,1.677317766,0.0336,0.50319533,2.180513095,14.97605148
f_chol_ldl_3_mg_dl,EDTA,0.965075103,0.030340567,4.735282358,0.0943,1.420584707,6.155867065,15.064525
formate,EDTA,0.736757098,0.027644606,0.037455543,-0.00072,0.011236663,0.02621888,15.60647634
phosl_vldl_5_mg_dl,EDTA,0.9458106,0.027251733,1.384145711,-0.026,0.415243713,0.968901998,15.97091206
histidine,EDTA,0.49059173,0.033066589,0.098715842,-0.00184,0.029614752,0.069101089,16.09497416
chol_idl_mg_dl,EDTA,0.99075943,0.011833113,14.5770881,0.2668,4.373126431,18.95021454,16.3910286
creatinine,EDTA,NA,0.300870773,0.0911,0.0016,0.02733,0.11843,17.08125
chol_hdl_4_mg_dl,EDTA,0.98628879,0.048747586,21.41004213,-0.3705,6.42301264,14.98702949,17.33606651
f_chol_idl_mg_dl,EDTA,0.988808132,0.011825018,3.978376756,0.0688,1.193513027,5.171889783,17.34757307
f_chol_hdl_4_mg_dl,EDTA,0.925179055,0.0577683,4.307207108,-0.0733,1.292162132,3.015044975,17.62840563
lysine,EDTA,0.853555715,0.004204886,0.12659894,0.00204,0.037979682,0.164578622,18.61749114
phosl_hdl_4_mg_dl,EDTA,0.983677086,0.117257847,30.35651883,-0.477,9.106955649,21.24956318,19.09215021
tg_hdl_mg_dl,EDTA,0.993098521,0.013241349,15.4819467,0.2274,4.644584011,20.12653072,20.4247318
idl_particles_nmol_l,EDTA,0.994348104,0.007484275,113.548735,1.6539,34.0646205,147.6133555,20.59654181
f_chol_vldl_3_mg_dl,EDTA,0.995010435,0.004661893,1.562136495,0.0227,0.468640948,2.030777443,20.6449757
apo_b_idl_mg_dl,EDTA,0.994376835,0.007444144,6.245625236,0.0907,1.873687571,8.119312806,20.65807685
apo_a2_hdl_4_mg_dl,EDTA,0.97242915,0.04916038,21.93387811,-0.3064,6.580163434,15.35371468,21.47572922
f_chol_hdl_2_mg_dl,EDTA,0.942228674,0.00934132,1.989641568,0.0275,0.59689247,2.586534038,21.70518074
f_chol_hdl_1_mg_dl,EDTA,0.986053731,0.004453817,4.811915393,0.063,1.443574618,6.255490011,22.91388282
chol_ldl_1_mg_dl,EDTA,0.986761512,0.010160886,19.28243945,0.2349,5.784731836,25.06717129,24.62635946
alanine,EDTA,0.871309107,0.042304252,0.458044299,0.0054,0.13741329,0.595457589,25.44690551
phosl_ldl_1_mg_dl,EDTA,0.988846534,0.008653324,11.68257417,0.1334,3.504772251,15.18734642,26.27265555
apo_b_ldl_1_mg_dl,EDTA,0.988264423,0.007245101,10.72160406,0.1221,3.216481219,13.93808528,26.34300753
ldl_1_particles_nmol_l,EDTA,0.988255736,0.007205815,194.9957982,2.2139,58.49873946,253.4945377,26.42338835
tg_ldl_6_mg_dl,EDTA,0.985047809,0.013605173,5.980917589,-0.0657,1.794275277,4.186642312,27.31012598
tg_ldl_mg_dl,EDTA,0.995392028,0.004407535,25.17948842,0.272,7.553846525,32.73333494,27.77149458
tg_idl_mg_dl,EDTA,0.998078413,0.00335212,23.82776815,-0.2464,7.148330444,16.6794377,29.01108135
apo_a1_hdl_4_mg_dl,EDTA,0.961629041,0.087967072,87.129898,-0.8991,26.1389694,60.9909286,29.07237171
chol_vldl_mg_dl,EDTA,0.996380108,0.002906695,23.41349805,0.2234,7.024049416,30.43754747,31.44158199
apo_a1_hdl_1_mg_dl,EDTA,0.993787388,0.001608787,29.04358034,0.2753,8.713074102,37.75665444,31.64937923
tg_ldl_1_mg_dl,EDTA,0.988174456,0.002402256,6.534140814,0.0608,1.960242244,8.494383058,32.24082639
apo_a2_hdl_1_mg_dl,EDTA,0.989034671,0.002271989,3.337638613,0.0302,1.001291584,4.338930197,33.15535046
chol_ldl_5_mg_dl,EDTA,0.972063936,0.008217921,25.47297515,-0.2274,7.641892546,17.83108261,33.60550812
chol_vldl_1_mg_dl,EDTA,0.993067613,0.002205327,9.718092611,0.0855,2.915427783,12.63352039,34.09857057
chol_hdl_2_mg_dl,EDTA,0.978405749,0.005279394,8.384923008,0.0736,2.515476902,10.90039991,34.1776753
leucine,EDTA,0.528451394,0.010215347,0.11736572,0.001,0.035209716,0.152575436,35.20971608
phenylalanine,EDTA,0.429961159,0.007414997,0.042894675,-0.00036,0.012868403,0.030026273,35.74556253
isoleucine,EDTA,0.763206152,0.004714996,0.072914033,0.0006,0.02187421,0.094788243,36.45701637
apo_b_ldl_5_mg_dl,EDTA,0.981609629,0.005409768,17.8645923,-0.1441,5.35937769,12.50521461,37.1920728
valine,EDTA,0.164778035,0.046664469,0.27310413,0.0022,0.081931239,0.355035369,37.24147228
ldl_5_particles_nmol_l,EDTA,0.981611282,0.005384577,324.795135,-2.6137,97.43854051,227.3565945,37.2799252
f_chol_vldl_1_mg_dl,EDTA,0.996493763,0.002653875,4.496125595,-0.0355,1.348837678,3.147287916,37.99542756
phosl_hdl_2_mg_dl,EDTA,0.9834697,0.004723031,13.92169617,0.1091,4.176508851,18.09820502,38.28147434
phosl_hdl_1_mg_dl,EDTA,0.993607886,0.001276854,22.06385044,0.1675,6.619155131,28.68300557,39.51734407
phosl_ldl_5_mg_dl,EDTA,0.976698045,0.005629668,13.83097452,-0.1033,4.149292355,9.681682162,40.16739937
phosl_hdl_3_mg_dl,EDTA,0.960754838,0.010987872,18.14827018,-0.1334,5.444481053,12.70378912,40.8132013
f_chol_hdl_3_mg_dl,EDTA,0.898686585,0.0103273,2.79464688,-0.0205,0.838394064,1.956252816,40.89727141
tg_hdl_3_mg_dl,EDTA,0.993597334,0.003773991,3.116793903,0.0222,0.935038171,4.051832074,42.11883653
f_chol_ldl_5_mg_dl,EDTA,0.974704328,0.006268242,6.640151432,-0.047,1.99204543,4.648106002,42.38394531
tg_vldl_4_mg_dl,EDTA,0.993915348,0.002924242,9.742666836,-0.0687,2.922800051,6.819866785,42.54439666
tg_vldl_5_mg_dl,EDTA,0.974173703,0.005793456,2.867343672,-0.02,0.860203102,2.00714057,43.01015508
f_chol_ldl_1_mg_dl,EDTA,0.981071446,0.00326846,5.940110911,0.0389,1.782033273,7.722144184,45.81062399
tg_vldl_mg_dl,EDTA,0.996831835,0.002258681,122.4838396,-0.7984,36.74515187,85.73868771,46.02348682
f_chol_hdl_mg_dl,EDTA,0.97756437,0.00273828,14.06291916,0.0912,4.218875748,18.28179491,46.2596025
chol_vldl_2_mg_dl,EDTA,0.997567743,0.000715375,4.238590033,0.0273,1.27157701,5.510167043,46.57791245
tg_vldl_1_mg_dl,EDTA,0.99350581,0.002028917,67.05522825,-0.4168,20.11656848,46.93865978,48.26431976
glycine,EDTA,0.925179535,0.002725777,0.209979951,-0.0013,0.062993985,0.146985965,48.45691166
phosl_ldl_2_mg_dl,EDTA,0.977004045,0.001406971,6.950674918,0.0382,2.085202475,9.035877394,54.58645224
tg_vldl_2_mg_dl,EDTA,0.997858259,0.000875983,21.5257851,-0.115,6.457735529,15.06804957,56.15422199
phosl_vldl_mg_dl,EDTA,0.997046525,0.001617485,27.50874165,-0.1445,8.252622494,19.25611915,57.11157435
phosl_vldl_1_mg_dl,EDTA,0.996338436,0.001233813,10.53524637,-0.0548,3.160573912,7.374672461,57.67470642
apo_a2_hdl_mg_dl,EDTA,0.819124092,0.026716113,37.76922185,-0.1818,11.33076655,26.43845529,62.32544859
f_chol_ldl_mg_dl,EDTA,0.982922533,0.004241926,34.18199767,0.1623,10.2545993,44.43659698,63.18299016
apo_a2_mg_dl,EDTA,0.802208655,0.023255355,37.30360685,-0.17,11.19108205,26.11252479,65.82989444
hdl_chol_mg_dl,EDTA,0.979890503,0.002008546,59.361645,-0.2477,17.8084935,41.5531515,71.89541178
chol_vldl_4_mg_dl,EDTA,0.99219569,0.00075614,4.463902418,0.0185,1.339170725,5.803073143,72.38760678
phosl_vldl_2_mg_dl,EDTA,0.998236308,0.00047669,5.20933396,-0.0205,1.562800188,3.646533772,76.23415552
vldl_particles_nmol_l,EDTA,0.998133624,0.000713199,170.2907497,0.634,51.08722492,221.3779747,80.57921912
apo_b_vldl_mg_dl,EDTA,0.998140531,0.000694512,9.36693701,0.0344,2.810081103,12.17701811,81.68840415
apo_a1_hdl_mg_dl,EDTA,0.975116357,0.003188944,169.3976627,-0.5876,50.81929882,118.5783639,86.48621311
chol_hdl_3_mg_dl,EDTA,0.943475729,0.002427758,10.98626562,-0.038,3.295879687,7.690385937,86.73367598
phosl_vldl_4_mg_dl,EDTA,0.996818709,0.000506145,4.879453953,0.0162,1.463836186,6.343290139,90.36025839
tg_ldl_5_mg_dl,EDTA,0.994670342,0.000298692,4.044243687,0.0128,1.213273106,5.257516793,94.78696142
apo_a1_mg_dl,EDTA,0.976422126,0.002825051,169.7510786,-0.5354,50.92532358,118.825755,95.11640565
ldl_chol_hdl_chol,EDTA,0.993432074,0.000568569,2.230827772,0.007,0.669248331,2.900076103,95.6069045
tg_ldl_3_mg_dl,EDTA,0.999216101,0.000368436,2.998897985,0.0092,0.899669396,3.898567381,97.79015168
phosl_hdl_mg_dl,EDTA,0.984754147,0.001079623,85.1011374,-0.2364,25.53034122,59.57079618,107.9963673
phosl_vldl_3_mg_dl,EDTA,0.996707963,0.000213911,4.597107321,0.0113,1.379132196,5.976239517,122.047097
ldl_2_particles_nmol_l,EDTA,0.976887851,0.000257998,130.6765558,0.313,39.20296673,169.8795225,125.249095
apo_b_ldl_2_mg_dl,EDTA,0.976953904,0.000242925,7.1883658,0.0167,2.15650974,9.34487554,129.1323198
ldl_particles_nmol_l,EDTA,0.993696116,0.000702185,1491.484042,-3.4439,447.4452126,1044.038829,129.9239852
apo_b_ldl_mg_dl,EDTA,0.993694114,0.000702172,82.02752663,-0.1894,24.60825799,57.41926864,129.9274445
tg_mg_dl,EDTA,0.998653611,0.00028417,179.8026398,-0.3959,53.94079193,125.8618478,136.2485272
tg_hdl_4_mg_dl,EDTA,0.988814474,0.000562687,4.771182165,-0.0098,1.43135465,3.339827516,146.0565969
chol_hdl_1_mg_dl,EDTA,0.992700653,9.51E-05,17.81079317,0.0363,5.343237952,23.15403113,147.1966378
chol_ldl_2_mg_dl,EDTA,0.97505548,0.000118082,11.67064143,0.0218,3.501192428,15.17183385,160.6051573
apo_b100_apo_a1,EDTA,0.996246863,0.000237491,0.611091642,0.0011,0.183327493,0.794419135,166.661357
apo_a1_hdl_3_mg_dl,EDTA,0.94797501,0.000911921,30.95384214,-0.0541,9.286152641,21.6676895,171.6479231
apo_a2_hdl_2_mg_dl,EDTA,0.962416453,0.000273411,4.346711766,0.0073,1.30401353,5.650725295,178.6319904
f_chol_ldl_2_mg_dl,EDTA,0.96198502,0.000100314,3.916475995,0.0064,1.174942798,5.091418793,183.5848122
apo_a1_hdl_2_mg_dl,EDTA,0.986829697,0.000295977,23.11213741,-0.0358,6.933641222,16.17849619,193.6771291
chol_mg_dl,EDTA,0.973305328,0.000505325,218.4158843,0.2447,65.52476528,283.9406495,267.7759104
phosl_idl_mg_dl,EDTA,0.990239896,7.76E-05,9.965303383,0.0109,2.989591015,12.9548944,274.274405
phosl_ldl_mg_dl,EDTA,0.992616113,0.000181428,69.23123716,0.0712,20.76937115,90.00060831,291.704651
citrate,EDTA,0.866731042,4.95E-05,0.151423727,-1.00E-04,0.045427118,0.105996609,454.2711823
apo_b100_mg_dl,EDTA,0.994173641,4.09E-05,99.99388989,-0.0564,29.99816697,69.99572292,531.882393
total_particles_apo_b_nmol_l,EDTA,0.994164459,4.08E-05,1818.159424,-1.0234,545.4478271,1272.711597,532.9761844
f_chol_vldl_mg_dl,EDTA,0.99487918,1.52E-05,11.32031104,0.0059,3.396093312,14.71640435,575.6090359
apo_a2_hdl_3_mg_dl,EDTA,0.9400802,5.98E-05,7.755292365,-0.0039,2.32658771,5.428704656,596.5609512
tg_vldl_3_mg_dl,EDTA,0.997573374,1.17E-06,14.93495209,-0.0031,4.480485628,10.45446647,1445.317945
ldl_chol_mg_dl,EDTA,0.985755249,1.57E-06,122.9755809,0.0113,36.89267426,159.8682551,3264.83843
tyrosine,EDTA,0.946745794,2.17E-31,0.064095338,-4.23E-18,0.019228601,0.044866737,4.54E+15
